
{
    "region" : "us-east-1",
    "configuration" : "Debug",
    "framework"     : "net6.0",
    "self-contained" : false,
    "application"    : "StreamingServiceApp",
    "environment"    : "StreamingServiceApp-dev",
    "enable-xray"    : false,
    "enhanced-health-type" : "basic",
    "additional-options"   : "\"aws:autoscaling:launchconfiguration,SecurityGroups\"=\"sg-04e89009ff15e3c60,sg-07a014cda6c394729\";\"aws:ec2:vpc,Subnets\"=\"subnet-053b88f56dfa85439\"",
    "solution-stack"       : "64bit Amazon Linux 2 v2.6.1 running .NET Core",
    "environment-type"     : "SingleInstance",
    "cname"                : "mystreamingserviceapp",
    "instance-type"        : "t2.micro",
    "key-pair"             : "AWS-keypair1",
    "instance-profile"     : "aws-elasticbeanstalk-ec2-role",
    "service-role"         : "aws-elasticbeanstalk-service-role",
    "proxy-server"         : "nginx"
}