
{
    "region" : "us-east-1",
    "configuration" : "Debug",
    "framework"     : "net6.0",
    "self-contained" : false,
    "application"    : "StreamingServiceApp",
    "environment"    : "StreamingServiceApp-dev",
    "enable-xray"    : false,
    "enhanced-health-type" : "basic",
    "additional-options"   : "\"aws:autoscaling:launchconfiguration,SecurityGroups\"=\"sg-0f4ffd7ed1b8cc8d8,sg-0bc5ca1e274906192\";\"aws:ec2:vpc,Subnets\"=\"subnet-0e4b25b613d6ee657,subnet-0996f0608c83611ac,subnet-0cb777a0b34978943,subnet-0acaa0f83858aa150,subnet-03223d8d25368d983,subnet-0dfdfe96a8f76ea4d\"",
    "solution-stack"       : "64bit Amazon Linux 2 v2.6.1 running .NET Core",
    "environment-type"     : "SingleInstance",
    "cname"                : "streamingserviceapp-dev",
    "instance-type"        : "t2.micro",
    "key-pair"             : "AWS-keypair1",
    "instance-profile"     : "aws-elasticbeanstalk-ec2-role",
    "service-role"         : "aws-elasticbeanstalk-service-role",
    "proxy-server"         : "nginx"
}