
{
    "region" : "us-east-1",
    "configuration" : "Debug",
    "framework"     : "net6.0",
    "self-contained" : false,
    "application"    : "StreamingServiceApp",
    "environment"    : "StreamingServiceApp-dev",
    "enable-xray"    : false,
    "enhanced-health-type" : "basic",
    "additional-options"   : "\"aws:autoscaling:launchconfiguration,SecurityGroups\"=\"sg-02bd219735f9f53bc\";\"aws:ec2:vpc,Subnets\"=\"subnet-062c07a9aff3d5521,subnet-01f7c26e87f0b5aaa,subnet-04a45d52b5c64cf68,subnet-0a16aedbfe8a8735c,subnet-0b3005230d0e1f7fb,subnet-0049c49b46289ae98\"",
    "solution-stack"       : "64bit Amazon Linux 2 v2.6.1 running .NET Core",
    "environment-type"     : "SingleInstance",
    "cname"                : "streamingserviceapp-dev",
    "instance-type"        : "t2.micro",
    "key-pair"             : "AWS-keypair1",
    "instance-profile"     : "aws-elasticbeanstalk-ec2-role",
    "service-role"         : "aws-elasticbeanstalk-service-role",
    "proxy-server"         : "nginx"
}